Frame,ttc_lidar,ttc_cam
0001,13.665497,12.098787
0002,10.205176,14.249087
0003,14.474101,13.940247
0004,8.910307,14.032899
0005,10.690274,16.079914
0006,6.540507,14.275414
0007,11.837565,14.980474
0008,17.136306,13.771059
0009,10.682904,12.627203
0010,12.806877,10.416312
0011,9.310127,12.046797
0012,8.778294,11.004786
0013,8.098900,10.218106
0014,9.918052,9.366981
0015,7.505292,9.830438
0016,8.509779,10.288980
0017,8.851274,9.047824
0018,8.761531,8.823622
