Frame,ttc_lidar,ttc_cam
0001,13.665497,11.994624
0002,10.205176,15.657701
0003,14.474101,13.365882
0004,8.910307,14.559323
0005,10.690274,14.897388
0006,6.540507,14.729040
0007,11.837565,15.495627
0008,17.136306,13.959237
0009,10.682904,13.083920
0010,12.806877,10.866248
0011,9.310127,12.134095
0012,8.778294,10.271116
0013,8.098900,9.540324
0014,9.918052,9.531945
0015,7.505292,10.175890
0016,8.509779,10.429848
0017,8.851274,9.635167
0018,8.761531,9.046606
