Frame,ttc_lidar,ttc_cam
0001,13.665497,12.316762
0002,10.205176,14.272405
0003,14.474101,12.863902
0004,8.910307,14.193128
0005,10.690274,16.462302
0006,6.540507,13.840806
0007,11.837565,14.631411
0008,17.136306,14.137770
0009,10.682904,13.497407
0010,12.806877,10.237665
0011,9.310127,11.962621
0012,8.778294,11.102522
0013,8.098900,10.275583
0014,9.918052,9.962286
0015,7.505292,10.217199
0016,8.509779,9.762038
0017,8.851274,9.074581
0018,8.761531,8.935346
