Frame,ttc_lidar,ttc_cam
0001,13.665497,12.142966
0002,10.205176,14.657923
0003,14.474101,13.338820
0004,8.910307,14.059890
0005,10.690274,16.469889
0006,6.540507,13.975990
0007,11.837565,14.306107
0008,17.136306,13.891889
0009,10.682904,13.788093
0010,12.806877,10.325293
0011,9.310127,12.058042
0012,8.778294,11.330160
0013,8.098900,10.098874
0014,9.918052,9.940641
0015,7.505292,9.839543
0016,8.509779,9.962147
0017,8.851274,9.020926
0018,8.761531,8.962554
