Frame,ttc_lidar,ttc_cam
0001,13.665497,12.348383
0002,10.205176,14.614094
0003,14.474101,13.185428
0004,8.910307,13.935647
0005,10.690274,16.469889
0006,6.540507,14.001810
0007,11.837565,14.931016
0008,17.136306,13.891889
0009,10.682904,13.910896
0010,12.806877,10.358174
0011,9.310127,12.069543
0012,8.778294,11.185941
0013,8.098900,10.136689
0014,9.918052,9.940641
0015,7.505292,10.258607
0016,8.509779,9.991988
0017,8.851274,9.146826
0018,8.761531,9.051039
