Frame,ttc_lidar,ttc_cam
0001,13.665497,12.424326
0002,10.205176,14.559111
0003,14.474101,13.229303
0004,8.910307,14.104256
0005,10.690274,15.660240
0006,6.540507,13.767818
0007,11.837565,14.964208
0008,17.136306,14.204521
0009,10.682904,12.979423
0010,12.806877,10.360828
0011,9.310127,12.196944
0012,8.778294,11.632478
0013,8.098900,9.613114
0014,9.918052,9.785287
0015,7.505292,10.344322
0016,8.509779,9.725025
0017,8.851274,9.003738
0018,8.761531,9.164220
