Frame,ttc_lidar,ttc_cam
0001,13.665497,13.349603
0002,10.205176,15.557985
0003,14.474101,16.134593
0004,8.910307,13.517371
0005,10.690274,33.001930
0006,6.540507,12.672314
0007,11.837565,13.456844
0008,17.136306,15.510242
0009,10.682904,15.866795
0010,12.806877,12.010049
0011,9.310127,12.203282
0012,8.778294,11.496926
0013,8.098900,13.823087
0014,9.918052,10.473228
0015,7.505292,13.424928
0016,8.509779,11.087865
0017,8.851274,11.340064
0018,8.761531,11.799388
