Frame,ttc_lidar,ttc_cam
0001,13.665497,12.394944
0002,10.205176,23.132675
0003,14.474101,13.543970
0004,8.910307,13.777073
0005,10.690274,23.655800
0006,6.540507,15.761089
0007,11.837565,13.069110
0008,17.136306,18.026705
0009,10.682904,14.330546
0010,12.806877,12.562391
0011,9.310127,12.068118
0012,8.778294,10.992837
0013,8.098900,10.823687
0014,9.918052,10.989440
0015,7.505292,12.436271
0016,8.509779,9.321437
0017,8.851274,9.145816
0018,8.761531,10.376398
