Frame,ttc_lidar,ttc_cam
0001,13.665497,13.574749
0002,10.205176,14.418340
0003,14.474101,15.850219
0004,8.910307,15.032693
0005,10.690274,30.288765
0006,6.540507,12.764610
0007,11.837565,12.946633
0008,17.136306,15.963459
0009,10.682904,17.641565
0010,12.806877,12.647012
0011,9.310127,14.437872
0012,8.778294,11.698356
0013,8.098900,13.602383
0014,9.918052,10.218221
0015,7.505292,14.458860
0016,8.509779,10.278343
0017,8.851274,10.422987
0018,8.761531,11.126235
