Frame,ttc_lidar,ttc_cam
0001,13.665497,14.879919
0002,10.205176,17.537375
0003,14.474101,13.521433
0004,8.910307,16.615949
0005,10.690274,19.571720
0006,6.540507,18.372049
0007,11.837565,15.411927
0008,17.136306,16.559640
0009,10.682904,13.967842
0010,12.806877,10.655235
0011,9.310127,12.090896
0012,8.778294,11.124121
0013,8.098900,11.177436
0014,9.918052,11.347975
0015,7.505292,10.624497
0016,8.509779,10.613208
0017,8.851274,9.797348
0018,8.761531,10.937235
