Frame,ttc_lidar,ttc_cam
0001,13.665497,13.215484
0002,10.205176,21.309701
0003,14.474101,12.691452
0004,8.910307,16.121589
0005,10.690274,26.953672
0006,6.540507,17.142753
0007,11.837565,14.621201
0008,17.136306,15.491722
0009,10.682904,13.801385
0010,12.806877,12.080552
0011,9.310127,12.033527
0012,8.778294,10.484883
0013,8.098900,11.506551
0014,9.918052,11.261088
0015,7.505292,11.830538
0016,8.509779,10.678620
0017,8.851274,8.918681
0018,8.761531,10.695701
