Frame,ttc_lidar,ttc_cam
0001,13.665497,12.136790
0002,10.205176,12.365588
0003,14.474101,13.051354
0004,8.910307,13.271773
0005,10.690274,12.312956
0006,6.540507,11.352811
0007,11.837565,11.768243
0008,17.136306,11.917876
0009,10.682904,11.970247
0010,12.806877,10.968843
0011,9.310127,11.661668
0012,8.778294,11.596452
0013,8.098900,11.037403
0014,9.918052,10.646010
0015,7.505292,10.285640
0016,8.509779,10.546734
0017,8.851274,10.003141
0018,8.761531,11.344404
