Frame,ttc_lidar,ttc_cam
0001,13.665497,11.389688
0002,10.205176,11.603434
0003,14.474101,11.287947
0004,8.910307,12.928956
0005,10.690274,12.750197
0006,6.540507,11.822555
0007,11.837565,12.250365
0008,17.136306,11.721934
0009,10.682904,11.470636
0010,12.806877,11.454247
0011,9.310127,11.386091
0012,8.778294,10.584913
0013,8.098900,11.167569
0014,9.918052,10.561726
0015,7.505292,9.006931
0016,8.509779,9.622791
0017,8.851274,9.875835
0018,8.761531,11.261544
