Frame,ttc_lidar,ttc_cam
0001,13.665497,12.129003
0002,10.205176,11.084113
0003,14.474101,14.023433
0004,8.910307,13.176293
0005,10.690274,14.157643
0006,6.540507,12.420081
0007,11.837565,11.284521
0008,17.136306,12.667803
0009,10.682904,11.818180
0010,12.806877,12.188400
0011,9.310127,11.476595
0012,8.778294,10.519872
0013,8.098900,10.149336
0014,9.918052,11.092430
0015,7.505292,10.404985
0016,8.509779,9.195834
0017,8.851274,9.033823
0018,8.761531,10.136314
