Frame,ttc_lidar,ttc_cam
0001,13.665497,12.107408
0002,10.205176,11.118159
0003,14.474101,13.886184
0004,8.910307,12.863036
0005,10.690274,14.367007
0006,6.540507,12.874403
0007,11.837565,11.517606
0008,17.136306,12.698511
0009,10.682904,11.470636
0010,12.806877,11.413162
0011,9.310127,11.683559
0012,8.778294,11.266710
0013,8.098900,10.148277
0014,9.918052,11.029640
0015,7.505292,10.391224
0016,8.509779,10.024876
0017,8.851274,8.898170
0018,8.761531,9.866322
