Frame,ttc_lidar,ttc_cam
0001,12.972159,12.338123
0002,12.264038,11.478186
0003,13.916132,14.072262
0004,7.115722,13.088319
0005,16.251088,13.829515
0006,12.421338,12.999130
0007,34.340420,12.471269
0008,9.343759,12.660454
0009,18.131756,12.535745
0010,18.031756,12.851790
0011,3.832443,11.942303
0012,-10.853745,11.186676
0013,9.223069,11.703865
0014,10.967763,11.448724
0015,8.094218,10.962111
0016,3.175354,10.187396
0017,-9.994236,10.095949
0018,8.309779,10.586432
