Frame,ttc_lidar,ttc_cam
0001,13.665497,12.535363
0002,10.205176,11.700851
0003,14.474101,11.940797
0004,8.910307,12.638736
0005,10.690274,13.468066
0006,6.540507,11.634088
0007,11.837565,11.352196
0008,17.136306,11.940797
0009,10.682904,11.251573
0010,12.806877,11.509271
0011,9.310127,11.616602
0012,8.778294,11.463334
0013,8.098900,10.820270
0014,9.918052,10.775350
0015,7.505292,10.630254
0016,8.509779,10.932877
0017,8.851274,10.323035
0018,8.761531,11.756192
