Frame,ttc_lidar,ttc_cam
0001,13.665497,-inf
0002,10.205176,78.220700
0003,14.474101,17.469554
0004,8.910307,12.818730
0005,10.690274,12.787654
0006,6.540507,12.816905
0007,11.837565,11.715290
0008,17.136306,-inf
0009,10.682904,-inf
0010,12.806877,-inf
0011,9.310127,11.942619
0012,8.778294,12.451406
0013,8.098900,11.596510
0014,9.918052,11.003620
0015,7.505292,12.140251
0016,8.509779,11.421834
0017,8.851274,12.738432
0018,8.761531,11.421834
