Frame,ttc_lidar,ttc_cam
0001,12.972159,nan
0002,12.264038,-inf
0003,13.916132,11.306923
0004,7.115722,12.818730
0005,16.251088,13.374529
0006,12.421338,12.787654
0007,34.340420,11.035950
0008,9.343759,37.966390
0009,18.131756,10.293108
0010,18.031756,nan
0011,3.832443,10.800000
0012,-10.853745,nan
0013,9.223069,13.454891
0014,10.967763,2.786045
0015,8.094218,nan
0016,3.175354,13.942015
0017,-9.994236,11.100897
0018,8.309779,nan
