Frame,ttc_lidar,ttc_cam
0001,13.665497,nan
0002,10.205176,-inf
0003,14.474101,70.367206
0004,8.910307,12.839506
0005,10.690274,13.165389
0006,6.540507,12.562352
0007,11.837565,11.662652
0008,17.136306,23.022369
0009,10.682904,10.650692
0010,12.806877,-inf
0011,9.310127,11.203624
0012,8.778294,11.921521
0013,8.098900,11.243144
0014,9.918052,11.694809
0015,7.505292,10.938974
0016,8.509779,11.891493
0017,8.851274,12.638736
0018,8.761531,6.207696
