Frame,ttc_lidar,ttc_cam
0001,13.665497,nan
0002,10.205176,-inf
0003,14.474101,11.308259
0004,8.910307,12.905601
0005,10.690274,13.369814
0006,6.540507,12.592312
0007,11.837565,10.909307
0008,17.136306,28.464054
0009,10.682904,10.321680
0010,12.806877,10.900913
0011,9.310127,11.670231
0012,8.778294,12.794903
0013,8.098900,11.482848
0014,9.918052,10.938974
0015,7.505292,11.105484
0016,8.509779,11.613734
0017,8.851274,11.100897
0018,8.761531,12.213061
