Frame,ttc_lidar,ttc_cam
0001,13.665497,15.032572
0002,10.205176,13.095322
0003,14.474101,12.623892
0004,8.910307,19.175465
0005,10.690274,94.009010
0006,6.540507,10.750173
0007,11.837565,13.168834
0008,17.136306,10.696285
0009,10.682904,12.582301
0010,12.806877,12.686468
0011,9.310127,8.467173
0012,8.778294,5416.202255
0013,8.098900,9.466708
0014,9.918052,7.850873
0015,7.505292,8.778498
0016,8.509779,11.051142
0017,8.851274,11.451241
0018,8.761531,21.508312
