Frame,ttc_lidar,ttc_cam
0001,13.665497,21.209707
0002,10.205176,10.665370
0003,14.474101,13.221087
0004,8.910307,16.238443
0005,10.690274,29.017655
0006,6.540507,13.414453
0007,11.837565,16.831448
0008,17.136306,10.058409
0009,10.682904,30.342508
0010,12.806877,16.940708
0011,9.310127,8.287961
0012,8.778294,22.407576
0013,8.098900,9.628664
0014,9.918052,9.560516
0015,7.505292,12.613632
0016,8.509779,9.261629
0017,8.851274,14.474514
0018,8.761531,27.909350
