Frame,ttc_lidar,ttc_cam
0001,13.665497,13.304367
0002,10.205176,9.877333
0003,14.474101,12.075202
0004,8.910307,2578.431112
0005,10.690274,39.391000
0006,6.540507,19.308680
0007,11.837565,145.778312
0008,17.136306,8.195171
0009,10.682904,13.722438
0010,12.806877,11.138868
0011,9.310127,9.341280
0012,8.778294,-inf
0013,8.098900,7.892014
0014,9.918052,9.560516
0015,7.505292,14.710129
0016,8.509779,8.018487
0017,8.851274,18.213197
0018,8.761531,21.508312
