Frame,ttc_lidar,ttc_cam
0001,13.665497,13.902754
0002,10.205176,11.104794
0003,14.474101,11.207884
0004,8.910307,-inf
0005,10.690274,68.228595
0006,6.540507,18.122889
0007,11.837565,174.771762
0008,17.136306,8.771993
0009,10.682904,12.866425
0010,12.806877,11.054597
0011,9.310127,9.620245
0012,8.778294,-inf
0013,8.098900,7.832007
0014,9.918052,10.399539
0015,7.505292,14.710129
0016,8.509779,8.221137
0017,8.851274,18.213197
0018,8.761531,17.085119
