Frame,ttc_lidar,ttc_cam
0001,13.665497,13.209507
0002,10.205176,12.819456
0003,14.474101,11.176182
0004,8.910307,12.534780
0005,10.690274,12.218746
0006,6.540507,13.673261
0007,11.837565,12.081332
0008,17.136306,12.476010
0009,10.682904,11.427560
0010,12.806877,11.470636
0011,9.310127,11.098624
0012,8.778294,11.896714
0013,8.098900,12.439011
0014,9.918052,11.506854
0015,7.505292,10.078530
0016,8.509779,10.346951
0017,8.851274,10.560665
0018,8.761531,8.028108
