Frame,ttc_lidar,ttc_cam
0001,13.665497,14.661151
0002,10.205176,13.004749
0003,14.474101,11.500000
0004,8.910307,12.886541
0005,10.690274,12.137559
0006,6.540507,12.849806
0007,11.837565,11.760357
0008,17.136306,11.900000
0009,10.682904,11.018677
0010,12.806877,11.584860
0011,9.310127,11.431442
0012,8.778294,11.415051
0013,8.098900,11.329869
0014,9.918052,10.515494
0015,7.505292,11.378444
0016,8.509779,10.937204
0017,8.851274,10.298128
0018,8.761531,9.518148
