Frame,ttc_lidar,ttc_cam
0001,13.665497,13.654625
0002,10.205176,12.650597
0003,14.474101,12.041135
0004,8.910307,12.441423
0005,10.690274,11.951875
0006,6.540507,12.742235
0007,11.837565,11.150678
0008,17.136306,11.693363
0009,10.682904,10.928079
0010,12.806877,12.327435
0011,9.310127,11.064310
0012,8.778294,10.789121
0013,8.098900,11.945861
0014,9.918052,11.107073
0015,7.505292,10.297563
0016,8.509779,9.067117
0017,8.851274,9.369462
0018,8.761531,8.113205
