Frame,ttc_lidar,ttc_cam
0001,13.665497,14.379651
0002,10.205176,12.754943
0003,14.474101,11.499268
0004,8.910307,12.337836
0005,10.690274,12.054085
0006,6.540507,12.328840
0007,11.837565,12.775106
0008,17.136306,11.352559
0009,10.682904,11.045983
0010,12.806877,11.584860
0011,9.310127,11.896902
0012,8.778294,11.199371
0013,8.098900,11.322027
0014,9.918052,10.241875
0015,7.505292,12.229388
0016,8.509779,10.247685
0017,8.851274,10.298128
0018,8.761531,9.115782
