Frame,ttc_lidar,ttc_cam
0001,12.972159,14.379651
0002,12.264038,12.890293
0003,13.916132,11.470275
0004,7.115722,12.674217
0005,16.251088,12.188597
0006,12.421338,13.042297
0007,34.340420,12.093098
0008,9.343759,12.337961
0009,18.131756,11.702191
0010,18.031756,13.890487
0011,3.832443,12.186725
0012,-10.853745,11.965404
0013,9.223069,11.622733
0014,10.967763,11.225346
0015,8.094218,12.339677
0016,3.175354,10.680037
0017,-9.994236,10.812656
0018,8.309779,9.909045
