Frame,ttc_lidar,ttc_cam
0001,13.665497,13.688360
0002,10.205176,12.800778
0003,14.474101,13.526059
0004,8.910307,12.032650
0005,10.690274,12.441423
0006,6.540507,14.150533
0007,11.837565,12.564543
0008,17.136306,13.583495
0009,10.682904,11.737619
0010,12.806877,12.011955
0011,9.310127,11.034939
0012,8.778294,11.502366
0013,8.098900,11.707660
0014,9.918052,10.432608
0015,7.505292,8.522069
0016,8.509779,9.944607
0017,8.851274,11.261262
0018,8.761531,8.568846
