Frame,ttc_lidar,ttc_cam
0001,13.665497,11.387208
0002,10.205176,12.571115
0003,14.474101,12.777027
0004,8.910307,18.195026
0005,10.690274,12.558099
0006,6.540507,11.239966
0007,11.837565,12.003255
0008,17.136306,13.722823
0009,10.682904,12.499848
0010,12.806877,9.429144
0011,9.310127,11.063755
0012,8.778294,11.224918
0013,8.098900,8.923251
0014,9.918052,9.909917
0015,7.505292,9.475250
0016,8.509779,9.063795
0017,8.851274,8.616110
0018,8.761531,8.796549
