Frame,ttc_lidar,ttc_cam
0001,13.665497,11.509712
0002,10.205176,12.571115
0003,14.474101,12.777027
0004,8.910307,18.213784
0005,10.690274,12.558099
0006,6.540507,11.234595
0007,11.837565,12.003255
0008,17.136306,13.542508
0009,10.682904,12.444701
0010,12.806877,9.338278
0011,9.310127,11.063755
0012,8.778294,11.322748
0013,8.098900,9.134478
0014,9.918052,10.122400
0015,7.505292,9.475250
0016,8.509779,9.135056
0017,8.851274,8.628121
0018,8.761531,8.819719
