Frame,ttc_lidar,ttc_cam
0001,13.665497,11.185063
0002,10.205176,13.537923
0003,14.474101,13.544419
0004,8.910307,19.193352
0005,10.690274,14.080743
0006,6.540507,12.164588
0007,11.837565,13.686308
0008,17.136306,12.849518
0009,10.682904,14.230111
0010,12.806877,10.312327
0011,9.310127,11.886165
0012,8.778294,10.138341
0013,8.098900,9.152538
0014,9.918052,9.552575
0015,7.505292,8.858507
0016,8.509779,8.951105
0017,8.851274,9.001131
0018,8.761531,9.679295
