Frame,ttc_lidar,ttc_cam
0001,13.665497,11.810949
0002,10.205176,12.998406
0003,14.474101,13.606662
0004,8.910307,18.943127
0005,10.690274,15.101667
0006,6.540507,11.966614
0007,11.837565,12.648948
0008,17.136306,14.735610
0009,10.682904,13.172319
0010,12.806877,9.891526
0011,9.310127,12.299375
0012,8.778294,10.014769
0013,8.098900,8.992022
0014,9.918052,9.169739
0015,7.505292,9.108196
0016,8.509779,8.613702
0017,8.851274,9.398267
0018,8.761531,9.323754
